insert into propietario_entity (id, foto, nombre, celular, correo) values (1, 'http://dummyimage.com/246x100.png/ff4444/ffffff', 'Sherlock', 30644438, 'smccreery0@amazon.com');
insert into propietario_entity (id, foto, nombre, celular, correo) values (2, 'http://dummyimage.com/232x100.png/ff4444/ffffff', 'Winslow', 82225165, 'wmckomb1@live.com');
insert into propietario_entity (id, foto, nombre, celular, correo) values (3, 'http://dummyimage.com/117x100.png/5fa2dd/ffffff', 'Tootsie', 97836070, 'tstinchcombe2@slate.com');
insert into propietario_entity (id, foto, nombre, celular, correo) values (4, 'http://dummyimage.com/230x100.png/5fa2dd/ffffff', 'Harriet', 35812767, 'hneesham3@ebay.com');
insert into propietario_entity (id, foto, nombre, celular, correo) values (5, 'http://dummyimage.com/145x100.png/ff4444/ffffff', 'Katuscha', 2994656, 'ksheriff4@epa.gov');
insert into propietario_entity (id, foto, nombre, celular, correo) values (6, 'http://dummyimage.com/164x100.png/cc0000/ffffff', 'Zitella', 82265421, 'zfollos5@squarespace.com');
insert into propietario_entity (id, foto, nombre, celular, correo) values (7, 'http://dummyimage.com/198x100.png/dddddd/000000', 'Krystalle', 25047373, 'kstainton6@nytimes.com');
insert into propietario_entity (id, foto, nombre, celular, correo) values (8, 'http://dummyimage.com/232x100.png/dddddd/000000', 'Myrlene', 24276441, 'mcockshutt7@clickbank.net');
insert into propietario_entity (id, foto, nombre, celular, correo) values (9, 'http://dummyimage.com/169x100.png/dddddd/000000', 'Denny', 16114748, 'dbinnion8@weather.com');
insert into propietario_entity (id, foto, nombre, celular, correo) values (10, 'http://dummyimage.com/133x100.png/5fa2dd/ffffff', 'Dorothy', 48827140, 'dkettell9@reverbnation.com');

insert into vivienda_entity (nombre, precio, descripcion, fotos, tamano, estrato, restricciones, tipo, contacto, direccion, ocupada, coordX, coordY, propietario_id) values ('Manuel', 12, 'Lac canaliculi probe', 'http://dummyimage.com/130x100.png/5fa2dd/ffffff', 28, 2, 'Urethral biopsy', 0, 'mmeasures0@indiegogo.com', 'Room 1691', false, 27.37, 2.04, 1);
insert into vivienda_entity (nombre, precio, descripcion, fotos, tamano, estrato, restricciones, tipo, contacto, direccion, ocupada, coordX, coordY, propietario_id) values ('Giffer', 17, 'Opn reduc disloc-hand', 'http://dummyimage.com/154x100.png/dddddd/000000', 20, 1, 'Create cutanperiton fist', 2, 'gbeekman1@toplist.cz', 'Room 700', false, 91.78, 19.3, 2);
insert into vivienda_entity (nombre, precio, descripcion, fotos, tamano, estrato, restricciones, tipo, contacto, direccion, ocupada, coordX, coordY, propietario_id) values ('Nissie', 84, 'Aortocor bypas-2 cor art', 'http://dummyimage.com/244x100.png/ff4444/ffffff', 523, 2, 'Suture scrotal lacerat', 0, 'nchyuerton2@stanford.edu', 'Apt 818', false, 89.41, 75.29, 3);
insert into vivienda_entity (nombre, precio, descripcion, fotos, tamano, estrato, restricciones, tipo, contacto, direccion, ocupada, coordX, coordY, propietario_id) values ('Tybie', 67, 'Assisting exercise', 'http://dummyimage.com/129x100.png/dddddd/000000', 1069, 0, 'Parasitology-blood', 1, 'tbraunton3@over-blog.com', 'PO Box 93363', true, 10.28, 57.85, 4);
insert into vivienda_entity (nombre, precio, descripcion, fotos, tamano, estrato, restricciones, tipo, contacto, direccion, ocupada, coordX, coordY, propietario_id) values ('Sayers', 91, 'Rad pancreaticoduodenect', 'http://dummyimage.com/112x100.png/dddddd/000000', 5483, 0, 'Facial bone biopsy', 2, 'spotticary4@sun.com', 'Room 368', true, 77.09, 31.3, 5);
insert into vivienda_entity (nombre, precio, descripcion, fotos, tamano, estrato, restricciones, tipo, contacto, direccion, ocupada, coordX, coordY, propietario_id) values ('Kala', 72, 'Int/comb version w extr', 'http://dummyimage.com/129x100.png/5fa2dd/ffffff', 5790, 1, 'Parasitology NOS', 1, 'ktivnan5@dropbox.com', '5th Floor', true, 33.31, 78.66, 6);
insert into vivienda_entity (nombre, precio, descripcion, fotos, tamano, estrato, restricciones, tipo, contacto, direccion, ocupada, coordX, coordY, propietario_id) values ('Charlton', 46, 'Open reduc-dislocat NEC', 'http://dummyimage.com/165x100.png/dddddd/000000', 1663, 4, 'Rectocele repair', 1, 'chappert6@angelfire.com', 'Suite 4', true, 51.09, 62.45, 7);
insert into vivienda_entity (nombre, precio, descripcion, fotos, tamano, estrato, restricciones, tipo, contacto, direccion, ocupada, coordX, coordY, propietario_id) values ('Quill', 59, 'Eswl gb/bile duct', 'http://dummyimage.com/133x100.png/dddddd/000000', 1036, 3, 'Muscle thermography', 0, 'qfursey7@nasa.gov', 'PO Box 95923', true, 41.65, 54.81, 8);
insert into vivienda_entity (nombre, precio, descripcion, fotos, tamano, estrato, restricciones, tipo, contacto, direccion, ocupada, coordX, coordY, propietario_id) values ('Raeann', 83, 'Open reduct maxillary fx', 'http://dummyimage.com/207x100.png/ff4444/ffffff', 1036, 0, 'Periph ganglionect NEC', 2, 'rlawlance8@icq.com', 'PO Box 66377', false, 56.99, 63.91, 9);
insert into vivienda_entity (nombre, precio, descripcion, fotos, tamano, estrato, restricciones, tipo, contacto, direccion, ocupada, coordX, coordY, propietario_id) values ('Garvin', 2, 'Carotid pulse tracing', 'http://dummyimage.com/200x100.png/dddddd/000000', 622, 3, 'Sclera reinforcement NEC', 0, 'gmcelhargy9@theglobeandmail.com', 'Room 392', true, 53.93, 39.88, 10);

insert into habitante_entity (id, cedula, nombre , vivienda_id) values (1, 709146542, 'Avie Rideout', 1);
insert into habitante_entity (id, cedula, nombre , vivienda_id) values (2, 288408031, 'Lurline Chastang', 2);
insert into habitante_entity (id, cedula, nombre , vivienda_id) values (3, 131580995, 'Tiffani Merwood', 3);
insert into habitante_entity (id, cedula, nombre , vivienda_id) values (4, 592506303, 'Rasia Danby', 4);
insert into habitante_entity (id, cedula, nombre , vivienda_id) values (5, 479790538, 'Rafaello Blackwell', 5);
insert into habitante_entity (id, cedula, nombre , vivienda_id) values (6, 465310691, 'Giacobo Dripp', 6);
insert into habitante_entity (id, cedula, nombre , vivienda_id) values (7, 785171550, 'Tully Mathivon', 7);
insert into habitante_entity (id, cedula, nombre , vivienda_id) values (8, 027248530, 'Natty Kubera', 8);
insert into habitante_entity (id, cedula, nombre , vivienda_id) values (9, 499702625, 'Heidi January', 9);
insert into habitante_entity (id, cedula, nombre , vivienda_id) values (10, 499807986, 'Sigismond Schmidt', 10);